timestamp,input_text,gpt_feedback
2025-04-09 17:03:25,피곤해ㅠㅠ,"[1] 세 모델(KCBERT, KOELECTRA, KLUE)의 감정 분석 결과를 검토하고 보완해 드리겠습니다.

각 모델의 결과를 종합해보면, KCBERT는 분노와 우울, KOELECTRA는 분노와 분개, KLUE는 분노와 절망으로 감정을 분석했습니다. 이 중에서 공통적으로 나타나는 감정은 분노입니다. 하지만 사용자가 ""피곤해ㅠㅠ"" 라는 문장을 입력했을 때, 분노보다는 피로와 지침을 나타내는 감정이 더 적절할 것으로 판단됩니다. 따라서 이를 고려하여 보완된 감정 결과를 제시하겠습니다.

[2] 보완된 감정 결과를 기반으로 아래 항목을 작성해드리겠습니다:

1. 감정 상태 요약: 사용자가 ""피곤해ㅠㅠ"" 라는 표현을 통해 피로와 지침을 느끼고 있는 것으로 보입니다.

2. 공감적이고 따뜻한 위로의 말: ""피곤한 것 같아요. 지금은 휴식을 취하고 몸과 마음을 편히 쉬어주는 것이 중요해요. 자신을 챙기는 것도 중요한 일이에요.""

3. 실천 가능한 행동 제안: 피로를 느낄 때는 몸과 마음을 편히 쉴 수 있는 활동을 찾아보세요. 온전히 휴식을 취하고 스트레스를 해소할 수 있는 방법을 찾아보는 것도 좋을 것 같아요. 가능하다면 짧은 산책을 하거나 편안한 음악을 듣는 것도 도움이 될 수 있어요. 

이렇게 피로와 지침을 느끼고 계신다면, 자신을 위로하고 쉬어주는 것이 중요합니다. 힘내세요!"
2025-04-09 17:11:44,피곤해ㅠㅠ,"[1] 감정 분석 결과를 검토한 후 보완해 드리겠습니다.

세 모델의 결과를 종합해보면, 모두 피곤함을 부정적인 감정으로 해석한 것을 알 수 있습니다. 그러나 KCBERT는 분노와 우울로, KOELECTRA는 분노와 분개로, KLUE는 분노와 절망으로 해석하였습니다. 이를 종합하여 피곤함은 부정적인 감정으로 해석되었으며, 이는 사용자가 피곤함을 표현하고 있는 것으로 해석할 수 있습니다.

[2] 보완된 감정 결과를 기반으로 아래 항목을 작성해드리겠습니다:

1. 감정 상태 요약:
   사용자가 피곤함을 표현하고 계시네요. 이는 현재 조급하거나 지친 상태일 수 있습니다.

2. 공감적인 위로의 말:
   피곤할 때는 몸도 마음도 지치기 마련이죠. 자신을 소중히 여기며 푹 쉬어주는 것도 중요합니다. 당신의 노력을 칭찬해요.

3. 실천 가능한 행동 제안:
   피곤함을 느낄 때는 몸과 마음을 챙겨주는 것이 중요합니다. 휴식을 취하거나 즐거운 활동을 하며 스트레스를 풀어보세요. 온전히 당신을 위한 시간을 가져보는 것도 좋을 것 같아요."
2025-04-09 17:12:47,피곤해ㅠㅠ,"1. 세 모델의 감정 결과를 비교하면, KCBERT 모델은 분노와 우울을 주요 감정으로 분류하고 있습니다. 반면에 KOELECTRA 모델은 분노와 분개를 주요 감정으로 분류하고 있으며, KLUE 모델은 분노와 절망을 주요 감정으로 분류하고 있습니다. 이 중에서 가장 적절한 감정은 피곤함으로 인한 우울이라고 판단됩니다. 따라서, KOELECTRA 모델의 분류 결과가 가장 적합하다고 볼 수 있습니다. 보완할 점은 KCBERT 모델의 소분류19와 KOELECTRA 모델의 소분류30, KLUE 모델의 사랑이 부정확하게 분류된 것으로 보입니다.

2. 보완된 감정 분류 결과:
- 대분류: 우울
- 중분류: 피로
- 소분류: 없음","1. 감정 상태 요약: ""피곤한 상태에서 우울함을 느끼고 있는 것 같아요.""
2. 공감적이고 따뜻한 위로의 말: ""피곤하면서 우울한 감정을 느끼는 건 정말 힘들고 힘든 일이에요. 그러나 당신은 그 감정을 이겨낼 수 있는 강한 사람이에요.""
3. 실천 가능한 행동 제안: ""자신에게 조금 더 휴식을 주고, 몸과 마음을 쉬게 해주는 것도 중요해요. 좋은 책을 읽거나 영화를 보며 마음을 편하게 해보는 것은 어떨까요?"""
2025-04-09 17:16:32,피곤해ㅠㅠ,"세 모델의 감정 결과를 비교하고 보완한 결과는 다음과 같습니다:
- 대분류: 우울
- 중분류: 피로
- 소분류: 힘든 일상","[2]
1. 이 문장 ""피곤해ㅠㅠ""는 우울함과 피로감을 느끼고 있는 것 같아요. 힘든 일상에 지쳐서 피곤한 감정을 느끼고 계신 것 같아요. 이런 감정을 느끼는 것은 자연스러운 일이에요.
   
2. 힘들 때는 자신을 너그럽게 대해주는 것도 중요해요. 당신의 감정을 솔직하게 표현하고 휴식을 취하는 것도 좋아요. 또한 주변의 도움을 받아보는 것도 좋은 방법이에요. 함께 이야기를 나누며 마음의 부담을 덜어보세요.

3. 매일 조금씩 자신을 위한 시간을 가지면서 취미 활동을 즐기거나 휴식을 취하는 것도 좋아요. 또한 건강한 식습관과 규칙적인 운동을 통해 몸과 마음을 건강하게 관리해보세요. 그리고 가벼운 산책이나 명상을 통해 마음을 편하게 만들어보세요. 함께 힘든 감정을 극복해 나갈 수 있을 거예요. 힘내세요!"
2025-04-09 17:16:50,피곤해ㅠㅠ,"세 모델의 감정 결과를 비교하고 보완한 결과는 다음과 같습니다:
- 대분류: 우울
- 중분류: 피로
- 소분류: 피곤함","1. 감정 상태 요약:
당신은 현재 피로와 우울함을 느끼고 있는 것으로 판단됩니다. 힘든 시기를 견디고 있으시군요.

2. 공감적이고 따뜻한 위로의 말:
힘든 하루였죠. 피곤함과 우울함이 눈에 띄네요. 하지만 이런 감정들도 당신의 인간다운 면이고, 극복할 수 있는 문제입니다. 제가 여기 있어서 당신을 지지해드릴게요.

3. 실천 가능한 행동 제안:
자신에게 좀 더 휴식을 취하고 몸과 마음을 챙기는 시간을 가져보세요. 또, 주변 사람들과 소통하며 힘든 감정을 나누는 것도 도움이 될 것입니다. 작은 변화부터 시작해보세요. 함께 하겠습니다."
2025-04-09 17:19:20,피곤해ㅠㅠ,"세 모델의 감정 결과를 비교·검토한 결과, ""피곤해ㅠㅠ"" 문장의 적절한 감정은 우울로 판단됩니다. 따라서, 보완된 감정은 다음과 같습니다:

- 대분류: 우울
- 중분류: 피로
- 소분류: 힘든 하루

해당 유저에게 필요한 대처는 쉬는 시간을 가져 휴식을 취하고, 자신을 위로해주는 활동을 하거나 친구와 대화를 나누는 것이 도움이 될 것입니다.","1. 감정 상태 요약:
""피곤해ㅠㅠ"" 라는 문장에서 느껴지는 감정은 우울과 피로감이 두드러지며, 어려운 날을 보낸 것 같아요.
   
2. 공감적이고 따뜻한 위로의 말:
힘든 하루였죠? 너무 힘들게 일한 거 같아. 그래도 너는 잘 버텼어. 내가 여기 있어서 너를 응원해줄게.

3. 실천 가능한 행동 제안:
오늘은 자신에게 시간을 내어 휴식을 취하고, 마음을 편하게 하는 것이 중요해. 좋아하는 음악을 듣거나 산책을 하며 마음을 정화시키는 시간을 갖는 건 어떨까요? 함께 이야기 나누고 싶은 친구에게 연락해보는 것도 좋은 방법이 될 거에요. 힘내세요! 🌼"
2025-04-09 17:20:58,피곤해ㅠㅠ,"감정 분석 결과를 ganzero가 제공한 감정 카테고리에 맞게 통합하겠습니다.

보완된 감정 결과:
- 대분류: 우울
- 중분류: 피로
- 소분류: 피곤함

대처 방안:
- 휴식을 취하고 몸을 쉬게 함
- 긍정적인 생각을 유지하도록 도와줌

유저식별코드: #12345
감정 기록 날짜: 😴💤📅","1. 감정 상태 요약:
""오늘은 피곤하고 우울한 날이에요. 힘들어서 힘든 것 같아요.""

2. 공감적이고 따뜻한 위로의 말:
""피곤하고 우울한 날이지만, 너무 힘들지 않도록 조금씩 힘을 내봐요. 내일은 더 나은 날이 올 거예요.""

3. 실천 가능한 행동 제안:
- 지금은 휴식을 취하며 편안한 것을 하거나 즐겁게 시간을 보내보세요.
- 내일을 위해 충분한 수면을 취하고, 긍정적인 생각을 가지며 하루를 시작해보세요.

이모티콘: 😔💤🌼"
2025-04-09 17:21:20,피곤해ㅠㅠ,"보완된 감정 결과 리포트:

🔍 유저식별코드: #12345
📅 감정이 기록된 날짜: 2022년 10월 15일

- 대분류: 우울
- 중분류: 절망
- 소분류: 피로

대처 방안:
사용자에게 휴식을 취하고 몸과 마음을 쉬게 하는 시간을 가져보도록 권유해주세요. 자기 관리에 집중하며 힘든 감정을 이해하고 받아들일 수 있는 공간을 마련해주세요.","1. 감정 상태 요약:
현재 당신은 깊은 우울과 절망 속에 피로를 느끼고 있습니다. 힘들어하지만 이 감정을 이해하고 받아들이는 것이 중요합니다.

2. 공감적이고 따뜻한 위로의 말:
힘든 시기에 있지만 당신은 강하고 근사한 존재입니다. 이러한 감정을 느끼는 것은 자연스러운 일이며, 그 감정을 허락하고 편안히 쉬어가세요. 당신은 그럴 가치가 있습니다.

3. 실천 가능한 행동 제안:
오늘은 자신에게 특별한 챙겨주는 날로 정하고, 휴식을 취하며 마음을 정화하는 시간을 갖는 것은 어떨까요? 좋아하는 음악을 듣거나 산책을 즐기며 마음을 가다듬어보세요. 그리고 가벼운 운동이나 요가를 통해 몸과 마음을 건강하게 관리해보세요. 함께 힘든 감정을 이겨내는 것이 가능합니다. 🌿💕"
2025-04-09 17:25:29,피곤해ㅠㅠ,"세 모델의 감정 분석 결과를 종합하여 공통적으로 분노와 우울이라는 감정이 강조되고 있습니다. 이에 따라 ""피곤해ㅠㅠ"" 문장에 대한 보완된 감정은 '피로와 우울'로 결정하겠습니다.
보완된 감정:
- 대분류: 슬픔
- 중분류: 피로
- 소분류: 우울","1. 감정 상태 요약:
""피곤해ㅠㅠ"" 라는 단순한 표현 속에는 깊은 피로와 우울이 담겨있는 것을 알 수 있습니다. 일상 속의 과부하와 스트레스로 인해 마음이 지친 상태일 것으로 추정됩니다.

2. 공감적이고 따뜻한 위로의 말:
피로와 우울이 느껴진다면, 그 느낌을 솔직하게 허락해주셔도 좋아요. 모든 것을 다 이겨내야 한다는 부담을 느끼지 않아도 돼요. 제 자리에서 조급해하지 않고, 자신의 감정에 진실된 마음을 전달해보세요. 저는 당신을 이해하고 지지합니다.

3. 실천 가능한 행동 제안:
지금 무엇보다 중요한 것은 자신에게 조금의 여유와 쉼표를 주는 것입니다. 하루에 조금씩 자기 관리 시간을 가져보세요. 온전히 자신을 챙기며, 휴식을 취하고 즐거움을 찾아보세요. 또한 주변 사람들과 소통하며 감정을 나누는 것도 도움이 될 수 있습니다. 함께 노력하며 힘든 순간을 이겨나갈 수 있어요.🌼🌿"
