"timestamp","input_text","gpt_feedback"
"2025-04-09 17:03:25","피곤해ㅠㅠ","[1] 세 모델(KCBERT, KOELECTRA, KLUE)의 감정 분석 결과를 검토하고 보완해 드리겠습니다.

각 모델의 결과를 종합해보면, KCBERT는 분노와 우울, KOELECTRA는 분노와 분개, KLUE는 분노와 절망으로 감정을 분석했습니다. 이 중에서 공통적으로 나타나는 감정은 분노입니다. 하지만 사용자가 ""피곤해ㅠㅠ"" 라는 문장을 입력했을 때, 분노보다는 피로와 지침을 나타내는 감정이 더 적절할 것으로 판단됩니다. 따라서 이를 고려하여 보완된 감정 결과를 제시하겠습니다.

[2] 보완된 감정 결과를 기반으로 아래 항목을 작성해드리겠습니다:

1. 감정 상태 요약: 사용자가 ""피곤해ㅠㅠ"" 라는 표현을 통해 피로와 지침을 느끼고 있는 것으로 보입니다.

2. 공감적이고 따뜻한 위로의 말: ""피곤한 것 같아요. 지금은 휴식을 취하고 몸과 마음을 편히 쉬어주는 것이 중요해요. 자신을 챙기는 것도 중요한 일이에요.""

3. 실천 가능한 행동 제안: 피로를 느낄 때는 몸과 마음을 편히 쉴 수 있는 활동을 찾아보세요. 온전히 휴식을 취하고 스트레스를 해소할 수 있는 방법을 찾아보는 것도 좋을 것 같아요. 가능하다면 짧은 산책을 하거나 편안한 음악을 듣는 것도 도움이 될 수 있어요. 

이렇게 피로와 지침을 느끼고 계신다면, 자신을 위로하고 쉬어주는 것이 중요합니다. 힘내세요!"
"2025-04-09 17:11:44","피곤해ㅠㅠ","[1] 감정 분석 결과를 검토한 후 보완해 드리겠습니다.

세 모델의 결과를 종합해보면, 모두 피곤함을 부정적인 감정으로 해석한 것을 알 수 있습니다. 그러나 KCBERT는 분노와 우울로, KOELECTRA는 분노와 분개로, KLUE는 분노와 절망으로 해석하였습니다. 이를 종합하여 피곤함은 부정적인 감정으로 해석되었으며, 이는 사용자가 피곤함을 표현하고 있는 것으로 해석할 수 있습니다.

[2] 보완된 감정 결과를 기반으로 아래 항목을 작성해드리겠습니다:

1. 감정 상태 요약:
   사용자가 피곤함을 표현하고 계시네요. 이는 현재 조급하거나 지친 상태일 수 있습니다.

2. 공감적인 위로의 말:
   피곤할 때는 몸도 마음도 지치기 마련이죠. 자신을 소중히 여기며 푹 쉬어주는 것도 중요합니다. 당신의 노력을 칭찬해요.

3. 실천 가능한 행동 제안:
   피곤함을 느낄 때는 몸과 마음을 챙겨주는 것이 중요합니다. 휴식을 취하거나 즐거운 활동을 하며 스트레스를 풀어보세요. 온전히 당신을 위한 시간을 가져보는 것도 좋을 것 같아요."
